"","X","b1_1","b1_13","b1_14","b1_15","b1_2","b10_15","b10_7","b11_14","b11_15","b11_3","b12_1","b12_14","b12_15","b12_2","b13_14","b13_5","b13_6","b14_1","b14_14","b14_15","b15_13","b15_15","b15_3","b15_7","b16_1","b16_13","b16_14","b16_15","b16_3","b17_12","b17_13","b17_14","b17_15","b17_2","b18_15","b18_6","b19_14","b19_15","b19_2","b19_4","b19_5","b2_1","b2_15","b2_2","b2_4","b20_1","b20_13","b20_14","b20_15","b20_4","b20_6","b21_13","b21_14","b21_15","b21_2","b22_1","b22_15","b22_3","b22_6","b22_7","b23_1","b23_2","b3_13","b3_14","b3_15","b3_2","b4_1","b4_15","b4_4","b4_5","b5_14","b5_15","b5_5","b5_7","b6_15","b6_2","b6_4","b7_13","b7_14","b7_15","b7_2","b8_13","b8_14","b8_15","b8_4","b8_5","b8_7","b9_15","b9_4","b9_5","b9_6","fd","P_value","P_value_adjust"
"107","O00401_WASL",19.8552532640058,21.1122893200473,21.1531239847817,20.5767352849393,20.286291527178,17.8099564905918,20.7603138724904,17.4609117860428,20.1952280075951,20.9389973234576,20.5409453180875,19.9330105434981,21.0474607793175,20.6879172622507,20.1491467315414,20.9319868902324,20.8484884638746,20.6597329003974,20.8044997418002,20.7938493465417,19.9245385283391,18.6287765849438,19.8669966340669,20.6269210421075,19.9890119096234,20.3943747676534,20.4712187438316,20.128112667236,20.0000736066968,20.1199694939274,19.6155685751485,18.2522819808546,20.1061539553136,20.5304577760883,20.6930581036292,20.8893569034065,20.3315052507055,20.9235900852255,20.7724225116627,17.1336840847749,20.4511205380115,21.1818389385025,21.2661997684613,20.5991519179641,20.7372737541627,20.4395103252083,20.5327991650626,20.8427692637977,20.461559381632,20.6140160186249,20.2409194066474,19.2328331097029,19.7781268727987,18.7935810844927,20.5842890888296,20.5661432522069,18.8653647702269,20.7936787122544,19.0606510789456,19.002194205049,19.9937870104153,18.8783473313839,20.7953009057338,20.5894646244626,20.721406305619,18.6902674418163,21.4132343386872,17.6671462004995,19.7589648833323,20.7201123000677,20.7487906813858,20.0566509439904,20.5087000657971,20.4668651001323,21.0795264507113,18.7940540810503,20.5817449035551,20.9270241435594,19.5807406907879,19.2332381516557,21.6060744173895,19.8612080950451,18.0561349278748,20.6310135948267,21.0934949379768,19.5891482132866,20.7809914360332,0,20.8435362019751,20.3763628336482,21.1017051505237,0.250994265916876,0.123978743919686,0.358248686429358
"252","O15230_LAMA5",23.6187860638205,23.0642013420747,20.1826150047756,22.1669586546637,23.2569693763208,22.0286129632688,20.7051936268913,21.90891444309,21.3969684526208,20.7907788137637,24.3817900652214,24.3552542997663,20.7268949957265,23.357229278735,23.0473442827592,21.7180771123223,22.8997865310425,24.7556337393174,22.3163063941533,21.3865866662939,20.1877096867091,19.2151845882321,24.1961387779074,22.4880764632874,22.5954528173922,19.939983744854,23.6754066373064,22.3869549759035,24.2074770195656,19.8222642829459,19.7970915284641,21.4735145173945,23.2324010176523,22.5933090496684,20.2669489189156,20.8980211863331,22.1116782297551,23.1471726221743,24.7067402963162,23.2758573747238,21.808880927546,20.8830817657759,22.108864513636,21.2089939779664,22.1850284478057,21.6756607584113,20.2984027183156,22.5192599900929,23.6424906894433,20.9125005259799,22.1854156762096,21.3789784938301,18.4519636609825,21.0531675633303,22.8201735076631,22.5690142049249,23.7069457615259,21.5481356442425,23.2844965474168,23.8029982705314,22.178292829055,25.0307838087686,20.7329590315352,19.9347965921784,21.2366986106066,22.491684314149,23.1790601711539,22.0181111869048,24.2672876245113,22.711324163724,21.1878304820539,21.9702716319003,21.9517293692506,22.5896794884416,22.910342625716,20.4548394479763,21.043080699928,20.1405601986583,21.5673136753264,18.5417281100692,23.4671114613535,21.8274799415656,23.1438079337119,20.7146899179008,22.988892329369,20.651934600643,23.4046930656373,18.7214563728304,24.2680876257427,20.1350704515682,20.4542671591066,0.974980595703342,0.000403352699158492,0.0269925459698222
"344","O43639_NCK2",18.6393548415673,19.9521525528289,20.2143641853421,20.3283527986216,24.6738011943805,20.071758249781,18.8127570402907,18.9023927806083,0,19.4993573660519,24.6321747426747,24.30552296419,18.9627548279013,26.6353337481176,23.7929582543752,24.4528015166528,24.4607460927881,25.4184631071135,25.8216747341153,18.4596517396369,17.3946134140701,18.2484372161783,25.1882150723609,24.0040774446863,21.6831822509951,20.0147478912708,20.4511205380115,18.9920310573103,22.4819670345377,19.4549036907988,18.6347685172617,19.2338958099023,19.8209735773456,19.2915574434617,23.6419948251733,20.7109207537135,19.6903697591623,21.2548118024769,25.6500534974617,18.5632037216721,19.751513004514,20.343027356677,20.3497585172699,20.1880841193615,24.3599320922598,19.2712099541098,22.381745186544,26.0264126728659,23.8555829171501,19.2264804008165,19.2055832737364,23.2140261669654,21.9011998315746,18.0807446749979,23.9325510706942,24.8690353781835,21.8700952608143,22.4992125782927,23.6753420231085,25.0394990989501,19.2575420747843,17.6144007195677,20.3453792563492,18.5893292894469,0,20.434947837397,20.0898668138452,19.6159492713775,19.2339543059025,19.8805296718392,20.892228544696,19.5164310397214,20.0117759597026,20.2572312917684,21.095923647585,18.4565188588517,19.9595293983187,19.4416717029483,18.2563054523122,18.2860117024525,19.4989056775404,19.3839489278658,18.5235121849148,19.3062998220027,19.941302701766,20.1320352572793,25.5415391869413,18.5569176214761,26.3376153692951,19.1946727037332,18.2452416510261,1.37595363066895,0.0131959694149745,0.126958327978574
"822","P02452_COL1A1",28.5384216050061,25.5030451596145,25.5152832004365,25.6299148615551,30.2008004655068,26.3153696141494,24.5368021230291,24.1765849782169,20.3599682742624,26.5552540296598,27.2033117049939,26.2785573606977,22.751416567625,26.3770188488099,29.6359062698372,28.6127612921068,25.7527277206256,28.9816130942238,27.8611583898303,24.7504651337923,22.876301476465,23.5421387169207,29.7016005770549,28.0027627480263,25.9700508441398,27.4713012417309,28.6906611373222,22.7404519381913,26.660429191322,25.729349396262,24.8659907123608,24.7343098028656,23.2821223915751,28.5514217167153,23.5949701210729,21.7502514603387,24.8161323028229,26.2821648214943,28.4662683085702,30.0847532306786,22.824849225708,25.0727887988616,25.3891595781461,27.0200070213887,25.9694712801374,24.6080221707386,27.3717733214995,25.6833134536519,25.717958443779,22.7907728490632,24.5356458251151,21.8995597581484,20.2479344651466,20.4774084735626,24.4434097583719,26.1296953232819,21.1099454002755,26.598779481805,25.9291793826495,29.0663721999364,26.6216084586346,25.6660912366714,27.283196898427,27.1582890179353,27.4199068296007,27.3913854016819,22.8021285944004,27.0435805475677,26.1874016127933,23.0588188402623,26.2785768560138,29.4681013812148,23.7481170792431,25.6292145241429,26.191833274204,23.8303380220443,24.7263950904063,23.7901265270833,18.1978166032341,26.1624709296162,25.5187325051374,23.8519571566817,25.1010446624755,24.3207911856801,24.3243049998095,26.0636888427511,30.1540857719446,23.1589769614954,27.8833195346114,20.3426585085903,23.5787218748887,1.07963034478768,0.0251292055009688,0.171279966661117
"823","P02461_COL3A1",27.2755004282554,24.3904426753511,25.4622760948795,24.9810381574039,27.9886830400712,25.8845869736764,23.362562970751,23.4590518309593,21.877427186738,25.8444207901006,29.0903069962338,25.4436942992653,22.8924712961483,25.905083417064,28.2415950660129,25.5734180179837,25.8511922998715,27.8741241263773,25.9750071333118,23.1828574398974,22.1267460582026,21.4558078057905,29.267689019866,27.4170114979117,25.9975393247308,26.0096403669893,27.7117802278475,23.6121404812998,26.8844146301027,23.0313013977254,25.0197483367118,21.7939207688562,22.6890100513981,26.9040199882257,22.7197844402213,22.1445767195366,24.8649287532096,26.3444212116794,26.8233644215022,29.2366042814371,22.5775307102022,25.0049818092608,25.1894805902717,26.0471137582746,26.8581847979643,24.1341900248623,26.6509300078941,25.0657730773848,25.2412504556189,23.4688894888287,24.7616362416775,20.8124499665618,20.0760718288167,19.2241406708978,22.8580595594076,25.0862489830156,21.1577687980224,25.9487021230068,26.2751931349397,27.0933958023184,24.4955625371689,23.4627378990829,24.1508377844495,25.9334788749552,23.5890485202454,25.9455376932926,21.6224102531198,25.2923647468643,24.2643838956207,21.4650272622891,26.0686088808227,27.7830865112079,23.4941895559055,26.2550377211808,25.3899866666546,23.6561424482231,24.9526484797818,23.2784120236753,17.6526839489446,25.0988662764559,24.9723864967846,23.9459417173274,23.7586965604218,23.9649298970836,24.1614102487252,26.6304121170189,28.7011155310227,23.0385968657942,25.7710545688469,21.6257400521355,23.3410952821352,1.33391128893448,0.00311768785140495,0.0718099739976635
"931","P05556_ITGB1",24.7539571200542,25.2727217523049,24.6150573055008,24.6296036424538,24.1838328294795,24.3191241183745,23.6834821252512,24.9995298948311,23.3939219636532,24.0871761480372,24.3908821444472,25.2368277786514,23.8469269306639,24.9471464210089,23.2355582192276,22.9543819953172,24.2792909119394,24.4999959621704,24.4631496538292,24.2630229976062,23.5235112277607,23.0735604106983,25.031271946426,23.3649420240895,23.2393234855616,23.2036559763004,24.1693540589554,23.6945976407984,25.0618158086638,23.4988097728788,22.7613552254821,23.5511576507529,24.6621759215948,23.8196103883729,23.5830565918199,22.892447208135,23.4777963037771,24.1176808274807,24.3920555922883,23.3067053358481,22.8875861792033,23.753901029199,23.4460191078634,24.0767242777429,24.2382609865581,23.1849997040539,22.7071269680924,23.605034539379,23.8351178641417,22.6981128489203,23.124128886443,24.0251794484981,22.5548806218423,22.9289458920157,23.4728603710132,23.5587784950007,24.9272385010412,23.8902117584716,23.7508075587325,23.8011636462962,23.2884729752323,25.3370878924705,25.0165299862762,23.8546416663116,24.5955962290443,24.1879603257703,24.5640752751776,22.5523731269227,25.9703734550289,24.2359992969277,23.6190772300449,23.6424466195201,24.1507215976759,24.7219496505763,24.654029129031,23.1554575255533,23.2003502698365,23.5625447616985,23.5038761929382,22.8386707446899,25.5299188854627,23.1822209607922,24.513486177047,24.0874958615414,23.9929646055593,23.6716758155216,24.3084979094886,22.8027044930156,26.2677519649583,23.7645092034795,23.9068960990429,0.273806413296298,0.198004161981665,0.45997889937279
"935","P05997_COL5A2",24.225328958186,0,22.8664039571326,21.9025731098982,25.7080621377594,23.202427873467,0,0,0,22.7002822263547,24.6265100335846,23.1364245076963,0,27.5477939190959,24.1018702252994,23.872637309598,23.0619031337356,24.1454135144447,21.3977258071421,0,0,0,25.8791342108126,23.6983863192881,21.9903699229404,23.2782985797278,23.8428958366861,20.05590994,22.8755489523606,19.9799861268981,25.1979466008652,19.695544363057,0,22.6782081089425,19.4715720249869,0,23.260663454981,22.9711947995036,23.9607829003856,25.678107075136,20.4795316163898,0,19.1640475964852,19.4238688959093,23.8521286576873,21.2346829672449,23.2008665846405,22.9711825178807,22.9592799824068,20.5215333485506,20.343157515843,17.7983642126234,0,0,21.5847157418431,22.7101514407754,0,23.4942518260054,22.6968168698544,23.1608150035725,22.4731106665924,22.6526174337627,22.0022051951691,18.390790326147,21.7749856725407,24.7440770629133,0,23.4175105527366,22.9381843641026,0,20.4587890734653,24.7444826005616,21.8731970113247,24.6229743152698,23.2840446283745,21.7385153570599,22.6050639375301,17.0571879339904,0,22.57015913483,21.8588885882089,0,0,0,0,23.4956784180033,24.7806270690513,0,25.6028647728372,0,0,1.68646500760285,0.0168038745904388,0.142796561995807
"998","P07942_LAMB1",23.0278084916318,23.3647684057386,21.1743661650363,21.9002160112705,22.9234341270162,21.8591389105776,22.0514990537696,22.0373438515559,20.1866220732313,21.2805969145045,21.9494584170754,21.0187869803564,21.8934474486806,23.9018884749909,22.8549687968324,21.6910056692728,22.4774405908517,23.0761158784067,23.9686959688472,22.8354282473838,22.3478435504039,21.3191682309125,22.998247636847,22.7879587382593,21.1431041511572,21.4015118355999,22.6639463196733,21.7528991852331,22.9305971282374,21.3639775101557,21.2779581943525,21.1762669091588,22.0607328681927,23.0297691323784,21.5054229447548,21.4737424078241,21.5967930464505,23.0724519066635,23.398247889056,21.5256010959232,22.2610797032732,21.9895663551792,20.9274437840457,21.210249211936,22.8261710034212,23.0036846624792,21.6070096671799,22.8401413280759,22.3402152223244,21.4775616419002,23.0150951258625,21.4953466080479,20.5483402876761,21.0179787078652,22.569171860551,23.0280817587215,22.8009208276663,21.8778596304844,23.0099017243231,22.1951138391914,22.0608713716655,22.8434384400318,23.4922223913577,20.3730945429803,22.124829366304,23.5984273958178,21.8325029831872,21.0459622489037,22.6422681225632,21.6128289113057,22.235483719285,21.6841801624129,21.5350987808878,23.3158394618666,22.6439926687508,20.6121269793879,21.5234011507945,22.3663675752598,20.8036250587779,21.9123323988738,23.0653556494457,22.3608577980705,21.707158571558,22.3345962770613,21.9825890909375,21.4125729477891,22.4909380113479,20.9951198307508,23.7654908800035,21.6566814769299,22.1302890103201,0.429635276185494,0.00619701130530444,0.092157069638732
"1005","P08123_COL1A2",29.1438558002537,25.1297916028332,26.4686828901272,25.4944123727861,28.3358671502435,26.3779488788871,22.9434237636796,23.8807579611808,21.8971829522142,26.1668715262917,29.0521537923342,25.8928191378068,22.890066069802,26.5274421654036,29.1297213586924,28.0988512209114,25.1164875394641,28.339091279237,27.2728160625553,23.2858796695232,21.7192893768605,23.1650287259994,29.4550903410602,27.7680734437744,26.4187783413129,27.5278701579589,28.8120949290207,24.4942506050489,27.7016509728266,24.8454106077274,27.4103139246288,24.0879247329365,23.7504906906988,28.3807584929371,24.8117104105191,22.9916315215616,25.5727215029444,28.010685298969,29.3927123719144,29.7002524565699,23.9151003456403,25.7198731994455,26.2564727577109,27.6224256141686,26.4391856361285,26.3519465417018,28.1809522797708,25.2895779413276,26.4086047005223,25.4281906981853,26.2696149670289,22.7581292590942,21.6018242777833,21.5197207065055,25.1140145707833,27.602777008279,23.6778598349182,28.0463468120371,28.0522522781262,29.6105401171749,27.8487616062491,25.8255277342599,26.4027332638298,29.7704699267637,27.1915283386997,27.1960768517322,23.9703295666305,27.2367000701972,26.3909100167035,22.7370343855864,26.4218899931349,28.7477682539405,24.6091444627596,26.9999814257541,25.5860069744755,24.1346835686412,24.267551959704,23.3220986915902,18.1773903380694,24.9920526740548,24.3425540749076,23.6208229944365,24.7114060926006,23.8799358009089,23.9684938362506,26.2828399964299,29.2380336099805,23.1222387344171,26.4645914285924,19.9321599530656,22.8669641959249,0.882910930900025,0.0122517521515543,0.123014407220686
"1120","P11047_LAMC1",26.0875080011643,25.5935660825448,21.5886551685632,24.0995285649172,25.4789690409683,23.6624258640544,22.8572224590096,24.210802120142,21.4012305719441,23.0245336969976,25.4272733243036,25.3293441553095,22.6283436306789,25.2544881762589,24.5228111386997,23.7636484219958,24.0829565829098,25.5599543225026,24.4196657737695,23.9707069632311,23.3636193269696,21.9355017604194,25.4621028801855,23.8332271331833,22.4750298078561,21.8843195994348,24.3283651262988,22.2117885051948,25.0053652429736,21.8228672024913,22.4917454693941,22.4580631135811,23.6630016536135,23.4239473520606,22.9023743783929,22.9924667883361,23.3610908055135,23.24768823858,25.1224204355371,23.9673772025689,22.6011940651229,22.4228957876287,23.9756391389711,22.5118443246756,24.1276404833016,23.1120410958331,22.4497486558928,24.0544648802705,24.3752547789944,22.3293386800717,23.5665102727531,23.6288642279069,21.8979030506558,23.0822647105978,24.0187173780667,24.22214779213,24.7709689033566,23.5119492565915,23.9701452207765,24.8083212391394,23.5537727059013,25.4661811650603,24.7796155685873,22.6198809916994,23.4496252484216,24.8135414657042,24.8068178431257,23.2932246523869,25.7445801179298,24.6749004152877,23.1104520859542,23.9059602134993,24.3124711419253,24.9102813161513,24.7379544993706,21.9764137882363,23.1866386957174,22.194618003153,22.5421930462417,21.5686130327759,24.933609440278,24.0472926884207,24.5469789809066,23.1499467799681,23.5912305881282,22.8519628737103,24.8531477153002,22.6737947258968,25.8890699818365,22.8841723827076,22.260752456089,0.74028352419807,0.0030695993136432,0.0718099739976635
"1166","P12814_ACTN1",26.964077207209,27.7432643612198,26.9481874560405,26.5740795403514,26.5355153127958,27.0278831391697,25.7636458895279,27.8042988480207,27.2848742148919,28.3396074062679,28.5052081835953,28.5767153936876,27.3868793485659,28.0815493458638,27.5732085208128,27.298397823625,28.5427151234791,27.8812260561804,27.5344826628203,26.8736138292402,25.9988910597347,25.2317874939782,28.6598428490904,26.6516554652139,27.4790723813001,27.0041996313153,27.8469580057909,26.8206283241856,28.5600943075883,27.253415510333,26.2212757973499,26.3023937011685,27.6361846650582,27.1449741798666,26.7544134146118,27.6978523148821,27.2965786461072,28.1644115699608,28.44921040231,27.3112328476205,27.7573605556212,26.7384468080278,26.1003008507214,26.5987652864518,27.368646463683,27.7753765867588,26.4925081632695,27.2965961491256,28.1625448791819,25.8902163979964,27.3470483896987,26.6615563122819,26.4220921708215,26.8487496692889,27.8617677522302,27.4849981950207,29.0782085189305,28.346129083246,28.1405685845454,27.7201629341978,27.0842488941969,30.1827550728485,28.4406349156473,26.1540427839983,28.0771135676235,27.4843759745135,28.8002738521425,26.7502402134908,30.1010426581074,28.2822691230748,26.60611396317,25.6150011603315,27.6140575946404,28.4331072347149,27.5387805032394,24.5685875209478,25.9961410563761,25.2160271790615,25.6841245031297,24.732639253526,27.4051688015236,25.8921937963944,27.1643732047484,25.5765928690613,26.246638407454,25.8074518187428,26.2188931003175,26.6445769609683,28.7127905644764,25.1413221402522,25.6442056162016,0.695025895812847,0.0183518014990893,0.14845296569799
"1274","P16333_NCK1",0,19.4365651573732,20.3618110158395,20.0247365820112,21.1377991785345,19.5600995567648,19.1713820667906,18.7700798992459,17.7744267525802,18.8913520758933,0,0,18.3361142423776,19.0621278479194,14.0268692052634,0,20.7137087009005,17.1074520829819,19.1804263969819,18.1152316582153,18.8237372962093,18.9016270501558,0,18.3830756423556,15.9608662399861,19.5279026623101,18.0875249964648,13.8186620587157,16.2411191801445,18.6369679503964,0,18.8849574892229,19.3214415083168,20.4361686240331,19.12631124292,18.6724633260318,0,20.1146294378724,16.9026341959343,0,18.5185647977308,21.3478408476674,19.230452068491,20.1239142569828,20.5572505305293,20.038787737672,19.9767598852821,19.0284052265568,18.5808878719025,13.70762874935,19.9680367363935,17.9583261437712,16.8867801796762,17.569388377111,0,19.6896533853083,0,19.8520364307915,0,0,0,0,19.7920896541774,17.9683630501596,18.3357436223735,20.8061688353738,19.1579365219981,20.3461479401958,0,18.4206963107574,17.8272310438922,20.0723733962082,18.9248733799333,20.3240618527795,21.2096901430671,17.9463808814041,0,19.0287235641203,18.4873650957483,0,19.0845982077953,16.7365604837545,16.250224386089,19.6767060604901,18.238096805127,18.5567417845708,0,16.5352738576099,18.156932353637,0,18.215286513232,0.0747473230450331,0.0381456694087355,0.206829518957811
"1461","P24043_LAMA2",19.6636171683396,21.4887825778712,0,20.6430634759743,21.5637483588694,0,19.970285676897,15.638778106192,0,0,20.4037755728115,19.3791054497242,0,22.163255946059,22.3025864941348,20.5194039797771,20.8910197386991,20.9121715633061,21.8487329573787,18.697218726674,18.8556684549649,0,22.3068151776608,20.7725191654728,19.7719633176151,18.4596077181237,21.4345152276275,18.9190175074133,20.5169638136493,0,0,18.7004498783112,20.1226763582963,20.771375013458,18.8612505088075,18.9459924243968,21.6022095240239,20.2667430842683,21.8129708566062,20.4925867024235,18.027247288404,19.2844558804995,20.4295232071057,18.8469257832618,20.540746716349,19.0458023137513,19.4459039664179,21.9915329177965,20.0882370005642,19.8640969530232,18.5922161202527,18.8486687818445,0,0,22.0964610187087,22.1750243983551,21.934195487983,18.5551601600489,19.3633498290575,19.5939126339797,21.3914879987138,23.8699296466563,21.7188463913803,0,0,21.0306482791961,21.7712178231086,19.1500794582853,20.2308952960195,20.2508743482331,19.8923041541082,21.0548043427991,20.2517412795515,21.5873508522335,18.291669849637,18.410343688622,19.6346976262917,16.1105689489407,0,16.4687481225914,21.1225436632734,19.3944124512911,16.1771703463415,17.6297763773455,20.7036315694089,20.6283903586167,18.8278171642967,0,20.4373375760116,0,16.9378795208633,0.918548055680612,0.000474298262172871,0.029095234020167
"1491","P26006_ITGA3",21.461504427245,22.0996970989011,23.2163995158289,22.0411731793203,20.6639853959792,21.6745319463057,18.7805141366473,21.1729267573366,22.3521021729254,22.54065095217,21.1030764606507,22.6760461617742,20.3915456858529,21.0532603859162,20.9965755480295,21.0183795046085,22.6944552387797,22.5143654028272,19.3092920438877,18.3802665776628,19.0670377709982,18.6840739797673,23.2654745520319,20.4296764369823,20.7137254794483,22.1667165971348,22.503939259135,21.9355808904457,22.6876172407459,16.9194685801555,18.028753236077,21.3055173977966,21.9590906805579,22.9775059838072,21.7876778220413,22.1305026935719,22.0675236440772,22.7423324649093,23.1363869556451,20.6303026799672,21.9634048353518,21.4555720479467,21.2416585235432,22.3354525099083,21.663646699494,22.3771946406558,19.8966236124291,21.7792288077568,22.5228219118741,21.1074252634214,21.1114872109436,19.8939635978487,19.5243351024921,18.1053714481954,21.8250783429626,21.9167009925981,22.1693678229478,20.8974673417219,20.1165851010444,21.4861721548334,20.2628725037476,23.7297435383963,20.7905282751063,20.9225597234795,21.8160258280165,22.7252584864735,20.9812272149445,0,22.3073142269014,22.988113949,20.6841030951413,18.7321442340058,21.0526569323277,22.5541873956379,22.40941165484,19.9942705590739,22.3914879987138,0,18.995943767765,17.8218362516488,20.7228242042315,0,19.1106158444023,18.904816875521,19.9090595230637,21.9042501963178,19.7292390171655,16.6505889990616,21.6632601409693,20.0674186043028,20.7483320928225,0.606243322770762,0.00841770301076155,0.105237101984793
"1691","P35609_ACTN2",19.9842209514753,19.4254208170191,19.3429449164645,20.3682954335092,17.5528491830253,18.6945891395798,18.0163023070207,18.4269035248181,0,16.7878005552877,18.1580820314152,18.3920029059363,0,0,0,17.9461638153818,19.7838055713322,17.3202364452416,0,0,0,0,20.0522960658602,18.3907567454236,0,18.3791795021702,0,18.2809021389866,19.8580295764433,16.6717345482438,0,0,17.2166606124037,0,16.1810260465949,0,16.9312222809581,18.9518566929957,17.1665946337785,18.8041247174475,0,0,17.2204728011736,19.1078938954049,18.9303966250772,18.9124098859743,0,16.7306426091759,17.7179173518672,0,0,0,0,0,18.2539490224503,16.9638782177869,17.9893168810474,18.8637083759901,0,0,0,21.0275537330983,18.8556441247248,16.8589280358287,18.9787607255721,0,19.677719641641,0,22.3930578391814,16.5583011215215,0,0,17.1131011604313,18.5461672333091,18.4230050834267,18.0686208524273,0,0,0,0,17.3209327287724,0,19.9934415192621,18.8469043649214,0,18.9519448883319,0,0,21.6799525130236,0,19.8516971985108,1.29575926941505,0.133654457234353,0.374092727496724
"1872","P46940_IQGAP1",24.0521195799067,23.9909844194771,24.9941263749146,24.9831929900902,25.5587930893039,24.7615449427795,24.5181051531009,23.4178324320001,25.1165549607726,24.8106248786681,24.2704849711825,24.3901868033267,24.5537609897706,24.8911440031958,24.6195082721275,25.0853009583041,25.2526524406531,24.4729656987022,24.5650055922992,24.9437841236915,24.7117316613833,23.9608270801628,24.6063145000844,24.6346692689283,24.4654558023463,25.4208449568219,24.8081346280759,24.4048619454816,23.526566696734,24.6871986011517,23.9693988182639,24.5829877061742,25.1143522240412,24.9549126455285,24.6747172699545,24.9934441107537,24.5894829120045,24.3577393780346,24.7721727926783,23.874927332002,24.7138565551359,25.2098024202915,24.3237142324693,24.7105235367813,25.0565748762901,24.6119266861876,24.535177112308,24.960433832576,24.4104562686072,23.940082349909,24.4815580296105,23.5798614308523,23.4687900766051,24.4629936999483,24.1595714255927,24.7051535411578,23.8060114561829,25.166826523863,24.3948378940733,24.167632524971,24.9074279986164,23.1705510353167,25.4943726955861,25.1623095719511,25.528760035579,25.1434957893495,25.426083385597,24.8418743068331,24.3383433108246,25.376020302367,24.1198033117159,24.2421268228966,25.0705836715757,25.0699571117008,25.5093297076806,23.7805669997242,24.9057674557943,24.1022708136891,24.1832043542994,24.6386847007239,24.9597575495797,24.5333779776228,22.978035182772,24.4163189746452,25.2525946979171,24.9282601053227,25.7679724518392,25.494726699727,24.7440719287947,24.7118996681425,25.0707105884699,0.149165234811645,0.151802931387808,0.399270863306298
"2130","P55268_LAMB2",26.4665670463632,26.0739391178347,18.8738706192437,23.7442926793996,24.5619157912843,23.1736725620044,22.9912197629099,25.2620982872599,20.7932143260734,20.1560633197029,25.7034831915542,26.3192051052022,23.5387331485857,25.9723492437486,23.4408336917318,22.8672904300633,23.407289032187,25.6241324643275,22.1817146078452,22.7808513057766,21.6103841723491,18.849689140225,25.4670274792998,22.840368029777,22.8616075681015,20.0364687766551,24.6836802222651,22.6486954985208,25.0449127674882,21.5596002162592,21.1363540967986,23.0471062676915,25.3327245667849,21.6576019428464,21.3787192575183,21.6567338414554,23.5061060906262,23.8236098085851,25.1771098670731,24.2872685134846,21.6298137227111,21.9934449745832,22.8706352567343,20.287250192268,23.2617253681241,20.7948647982635,22.1593466052801,22.9086781073487,24.5260215729928,21.7699153058454,22.0287984172025,23.6727658678956,21.8326652243802,22.8912089132293,23.7355911422405,23.3427642908476,25.1275853851078,22.3825593854153,23.8792440760253,25.3314266599817,22.5066388167757,25.7775402745496,21.1472098945346,24.2196982313422,19.9209415868327,23.0930741690156,25.0213124590794,22.4123170942048,26.0768343494076,24.8890931976775,22.4285804853767,23.2487886903076,24.1801109953789,23.5213440387763,23.6313644798947,23.1161757740933,21.7044465833792,20.8749648430858,23.1962371037063,22.0575997994762,25.1589785018744,22.6263507223725,25.1374927669768,22.7455467230585,21.9244022461321,23.4465113853996,24.4670679157137,18.3212278868107,26.7930029213161,20.9264668459811,22.3114473304796,0.748111569349271,0.0310950154548927,0.189956997939692
"2277","P62834_RAP1A",19.3855717499922,18.3215758314157,0,18.5196516084223,0,0,0,0,0,15.9542235788106,17.2601385238678,0,0,17.6291502539349,0,0,0,19.6058918148135,17.7725078895286,0,0,17.9678060217817,19.3337111508902,0,0,0,0,0,20.0643131957312,0,0,0,17.4349783696561,0,0,16.5133868028788,18.2944277999364,19.0980397957969,19.785240122459,17.3889254128561,18.0972503016715,17.5421930462417,19.4819491791701,17.9493023803732,19.6895851406712,18.2839926486076,18.5239677182268,18.98070859789,18.8917866692824,18.2365374627308,18.2469400313605,19.5706914263365,18.5980052336728,19.6607602129759,19.5389220843829,20.6173024435936,15.266391267739,17.8941368403913,0,0,20.5581385355909,19.3064133106139,0,0,0,0,19.2729919258074,0,19.6264951058684,17.2639385219097,19.5306958956591,15.8535897814463,0,17.8777154969711,0,0,0,16.6947659546108,0,0,0,0,14.8649115666434,0,17.6741370844464,16.8100192724208,0,0,0,15.8624775442756,0,0.935181139893137,0.039672846769482,0.21048053569863
"2298","P63000_RAC1",23.5490786444601,22.3745094119382,23.1312173597635,24.0216005134793,24.8834081051401,24.4472431799334,21.9113012781628,21.298475437478,23.3975430338282,23.7190114820581,23.2449435902372,23.4365448249812,22.4555168650151,23.2555582444412,24.3980325531591,24.7819779681052,25.4230368956713,25.2615603923695,22.6600921076686,22.1363979084277,21.6446176655444,22.3706012113079,24.0087517396151,24.7110436796503,21.3719095516003,25.7897908225867,24.5308208927025,24.7210317894957,23.5679263753601,22.6905070235368,22.0502904187792,22.6285349831185,23.2697219630444,25.4069485777697,22.96176337321,24.157151998081,24.142136668454,24.5253585491577,25.0451565618895,23.4835766804304,24.5207807552077,25.1708329369555,21.1503621340048,23.911054358004,21.5652462141902,24.9709263344839,21.7312320092259,24.615584963317,25.104576039804,24.2411376892256,24.6381046473019,23.6457371412029,23.3991219532196,22.5713587137491,24.333069340423,24.742016814625,23.4327783937353,24.9768127539091,23.6876418000108,24.0274845524849,24.1114139803596,24.0400010252243,23.0461038433555,24.8120288089316,23.2927052605487,25.368719722965,24.3283925207597,25.7782950444775,22.6288664522783,23.8740173894915,24.9219879907033,24.0661838137493,23.8055687351432,24.3975299777054,25.1182592763494,23.0827925774608,24.3374996812123,21.84934782819,22.2308894341101,22.002919373453,22.3557435940858,21.6607602129759,20.4665763809225,22.2744873559442,24.4441178450864,19.6424589592342,23.5824594735889,23.1673140073259,21.8636032758932,22.826960386787,22.3448512256122,0.412607776027387,0.0282118392252616,0.181573247210454
"2425","Q01082_SPTBN1",24.0390723242754,24.4949219751795,25.1244058059567,25.021329405048,26.0447147844585,23.9863041957237,24.0681209123964,23.732106132616,24.2286499083152,25.2156088332783,25.0487565851349,24.7442464785795,25.4068610193607,25.6509409609053,24.831594868289,25.065160863196,24.9301567426532,24.6126523355866,24.3434015326329,23.7739541153247,23.1452144696899,23.268451765076,25.5861687985236,24.4668066142695,24.5829704842488,23.1344908716385,24.3653359267092,23.434484685565,23.5021225767077,23.9788801014095,23.8581563356106,24.0825830780373,24.6655952877609,25.2621162136361,24.1931445150934,24.9937464194942,25.0272525201096,24.924024321872,24.8459608775615,24.3461506461056,24.9046884550912,24.509136372806,25.2442809317131,25.2458264200028,24.9093842514903,24.5804826276549,25.0915690366627,25.241726887272,24.5602955123555,23.7492839108143,24.5860270244578,22.9586677577309,23.6170602580087,22.6121809862774,24.6023296091722,24.9848841282771,23.6045934952117,24.929490945718,25.5608144328059,24.8549887646075,24.4220360131949,23.3975299777054,26.785476913848,24.8878436545133,25.7704245566965,25.1255492124516,25.1468821753801,23.8560295587256,24.1877866949101,25.1911386050705,24.2669088978119,24.4736346597705,24.8708703834239,25.2666087041408,25.3715872303313,22.9391246994119,24.5343817320839,24.3184002043915,23.1213188176143,23.7125714995982,24.287994128411,24.373649506887,22.6049327719224,24.2269977360281,25.0097684892455,25.0186409814442,26.7863123083197,23.7317644175675,25.0094481622683,24.6810384774148,24.3002740697301,0.394116962508577,0.00231487981802666,0.063303044626606
"2507","Q05397_PTK2",21.0073133962558,21.0800276611024,20.4380283370532,20.7143713052069,20.881641261227,23.3318195707952,19.4824416600146,18.5058270573507,19.9667420063793,21.4371800768302,22.1077093977105,20.1478806324111,19.2088630375966,20.022950213926,22.7776345796871,21.1929790295962,21.2349401915349,21.3646775816622,19.2351611339665,19.5497075956331,19.1206580756061,20.2846208003399,21.1898130996069,22.8128416307534,20.6443668190777,22.1020160523487,21.2220283618407,23.0191654901182,20.4340162929571,20.3163367809579,19.7397756663196,19.7177751418155,21.1951979641543,21.2548925175271,23.3423709586445,20.9241267427816,21.0818747772087,23.0585612426854,21.3174634032833,21.5002039010351,21.2487278977772,21.1112834296638,20.9174259860492,21.4911680605833,21.1238637512926,23.4875073973199,21.1478123307777,20.9878330048478,20.7853886080766,22.6867018430406,20.9584252732507,20.9862225905625,20.0397785261235,19.0568572987691,20.7102397434278,21.1974434884638,20.3407150752438,21.0792139197412,20.9004334675177,20.7507217045908,20.6927942611293,19.5776943520162,20.8942064276929,20.9155015856831,22.0550990308554,21.5229080943736,21.2959785141936,21.3825765353929,18.7480585080862,20.758647769076,21.6734842045649,20.2112656862706,20.8295833883909,21.0535520751693,22.3260607606371,21.6195250633687,19.9844156771955,20.3992445407684,18.9055309711651,17.7621029930928,20.3267739856367,20.2877912747772,0,19.8885693574279,24.6751858601819,20.9946365667067,24.3672304969801,21.0582243149002,21.8982242094296,23.645121427119,18.9138448379462,0.581387888780735,0.0686951015282803,0.273156956718462
"2762","Q13813_SPTAN1",24.7042829840914,24.3651222979575,25.0736919685665,24.905813352822,25.6988817198056,24.059672216399,25.1109044473118,24.0492469909876,24.6553946762253,25.1077756344592,25.1212033914487,24.6439497453033,25.2249500900155,25.4997648838312,24.4792281490058,24.374419199055,24.7441694739248,24.5321118950624,25.0571824791241,24.4641286590186,23.2002529724446,24.0066989696506,25.3029305289592,24.3742334488839,24.4545345065041,23.3992654056968,24.4815641883283,23.6436470437122,23.4758684754716,25.0067973981983,23.7104289451995,24.0614944727976,24.4262977749932,24.8870673709695,24.1588167531049,24.4104692082725,24.5593679873845,24.1157536332052,24.2567822647419,23.8883593964195,24.1490009384999,24.6384140381493,25.3244217507691,25.1757173519264,24.7328100175926,24.3815260529522,25.4718903752883,24.9672100727896,24.4693491812772,23.5937626732374,24.3691492139126,23.5418906657662,23.4572741568324,23.5563713345771,24.2513526697656,24.7756177149431,22.8586344286436,24.2215837288526,24.896650956403,24.2131110444537,24.3998455906439,22.997792117959,26.1442001590451,23.8484177822508,25.1695643278522,25.0736184283797,25.4166572252132,23.7366855792381,24.6461163342883,25.0105071056766,24.4064458553173,24.4846341133698,24.9371886276316,25.3050079818972,25.4270334962841,23.0648953526635,24.2042188807776,24.9995557004055,23.515484736799,23.4687900766051,25.1871372812656,24.501612475035,22.8782751036621,24.7890519976108,24.9263745454091,24.538437146779,26.0433302281604,24.217185326881,24.4536871085115,24.4069518205717,25.0951759826867,0.241715943663462,0.0381370651974015,0.206829518957811
"2772","Q13905_RAPGEF1",0,0,0,14.645590888925,19.0087623380124,19.0483298795569,0,0,0,0,0,0,0,0,22.2064951336574,0,15.937714038338,15.3525504048272,0,0,0,0,21.2581346790403,15.2020932060387,14.5418165728829,20.5209389762083,21.0916949278316,0,0,18.2722926162063,15.1357333308214,16.9513530227741,0,12.4087039012229,0,15.0294727290572,17.3675768542099,0,0,0,15.327012233939,0,13.3748628859488,0,16.3031796189172,18.0048458907494,15.0330529881644,13.8146926063816,15.5706621530909,14.6456753177856,0,0,0,18.0104898613733,17.9141631979407,24.8889121042095,0,16.3516570364416,0,0,0,0,22.0114552250787,0,0,19.6991437099534,15.2765824464035,17.3565637307403,0,0,0,13.8014153448756,0,0,15.6659548595862,0,0,0,0,0,0,0,0,0,0,0,0,0,0,0,0,1.26512341419249,0.721143781699331,0.867050986204035
"3023","Q16363_LAMA4",22.9079395376687,23.6792245022566,20.869372441287,22.0207412635222,21.878336852975,22.3798484466304,20.7618401216913,22.6876759687273,19.1625462236844,20.748860275838,22.2924693668379,22.825976985618,21.0966829878771,23.4289382301038,22.6416994294563,22.1822270238226,22.2950676855692,23.4879734593627,22.5332650858051,21.2956366705525,20.7819359591938,20.1935686730428,23.8001812622847,22.8714533323075,21.0998126536838,20.7596964195419,23.1678943305666,21.950914658129,23.8050993024637,20.8219763485989,20.4498317610986,21.0386537951373,22.1240910129761,22.3349590109748,21.1834270021235,21.7680623350076,21.9077488776482,22.9850448788416,23.2231161393285,22.0107759877023,22.4625232409207,22.2898016467161,20.4206695862452,21.3214712366377,22.8011202183228,23.028248729799,22.0185798612333,22.1924011859293,22.662349799194,21.5814369089397,26.0976251723756,20.7248568734093,19.1491591387795,20.5212074327504,22.2704265119372,22.9004998035769,21.566979365601,21.9729710243365,22.5557864661048,22.4603174012735,20.927624625927,23.293996375933,23.5778579752707,22.8171878341957,21.823644791067,23.5231043797391,22.5672347480716,20.6766165420272,23.6522957545757,22.5010402178225,22.5886483068264,21.9886375383799,21.9066374149322,23.3298642081676,22.7389461621257,20.6375287826832,21.6944998737607,20.5719025955421,19.346167422633,19.539450405037,23.3888213855714,21.198199215587,21.9831564500646,21.6010716177766,21.7053834915494,22.2406341342978,22.9398923050533,20.9788207637776,24.3272003806096,20.2189462971462,20.5099276734342,0.990381247828891,0.000288685270217533,0.0231429755017531
"3061","Q16787_LAMA3",18.855546799661,19.1620396801307,21.3754350946611,21.2846377430912,19.7512400223808,19.4578958407003,19.9732741492615,18.2998653468255,21.756776189068,22.6246484481875,19.5778307828325,20.7116098442474,20.9773400233598,20.3997973594396,19.2189723037709,20.8942804530527,22.5195383571845,21.4463725548959,0,18.2937769678194,19.4439613372647,20.4245907366342,20.4755691839828,20.9049667767558,20.5553698951959,21.544911622328,20.6657297257297,18.9807783153292,21.1128842478137,19.7236759413006,20.2504233379844,20.7573379180507,19.0810854894865,22.9781696347499,19.6908624860858,22.0931628470104,20.0457756561687,20.3204193623832,21.7079547504326,19.8536704886341,22.0235560676326,20.9609295720357,20.5722357665038,22.7089125314981,22.1873532815035,21.5899948690862,20.0034822263981,20.2536697772299,22.2028179318115,20.6372368940306,22.1875647189435,19.6674667514605,19.4473536738839,0,20.5994152903768,23.493065790344,21.1350641870841,23.0793832157541,20.8888963154965,20.6995029817927,19.5093207665141,21.9768787277427,21.4518097624065,22.8624080744591,20.7486269164895,24.193866411571,21.489277632666,20.1116909634433,21.6297292496712,20.5681491108736,20.5918126766793,18.3301422226854,20.7375873494342,23.3744722661401,23.719345785059,20.2141744303898,21.507824636685,0,20.5022257896295,18.3913778623151,20.8591920036786,20.3781106627519,18.9360052410776,16.2604087092052,21.0748378939264,21.3486730512036,20.4555620148434,21.0001637181938,21.3170493061606,21.3199289599591,21.6555071396953,1.0541176821923,0.00351872089774774,0.0747867624013013
"3309","Q68CZ2_TNS3",22.7931805827908,22.218026898211,19.8647257120149,21.25515769233,21.3211463939841,22.4655230616112,20.3289553617813,21.2195076996306,19.5624362256415,20.5523004148722,22.1890469312188,21.981223730237,20.6560791482389,21.6440763107744,21.334050640783,21.0187190757235,22.6376393311472,23.3720291576686,21.5356683669563,21.7712097616034,21.5367215087185,19.9397829282679,23.438893860952,21.2342561075745,21.0028369863072,21.7695804132644,23.0104464936004,21.9635000887117,23.3464266222478,20.037997296902,19.022744368845,19.5158518817312,21.1522514150207,21.9990489665113,20.20079326423,21.2552902614561,21.7924082413606,22.6530899751323,23.6720536497028,22.3101634225833,21.3432822406921,21.2277322684206,21.4417861697133,20.2571276825506,22.9603339571321,21.5159586874824,21.5957054854972,22.3963805759553,22.7683208441414,21.3320901045529,21.3630310721028,21.1237627346075,20.1326879866382,20.4797782908038,22.3814706042368,21.9235792049673,22.6351277922987,21.7305791783645,21.948752911351,21.9886548725268,20.5460711215461,22.8873128518823,19.5256527065248,20.6425964517668,21.0742041945334,22.6174235211419,22.0659045257446,21.6200891355006,22.7911426138709,21.8864609284783,22.2406632463057,21.1959728848427,21.1735124523995,21.5513712545116,22.2936596746042,19.7255609750318,21.1871841092375,22.2330947610772,20.1839357824447,17.902787267651,22.0682587084393,20.1437020768579,21.3382848169469,20.7833355974754,21.9628614181431,21.6717405941236,21.7043705911786,20.3020453534331,22.5147819446615,19.9071429981975,20.2095057217757,0.5604053013046,0.00486155720275544,0.0827448276503664
"4447","Q96N67_DOCK7",17.936931186649,17.4838551309699,18.7936191839174,19.4934821742726,18.0329497116792,19.4757730057572,16.0953310845837,0,19.3232725101933,20.2564194870129,19.5564555361106,18.6838170539399,17.45771752849,18.2869457441534,19.4934313545042,18.8391822548071,19.0912261696291,21.7680623350076,0,17.2151253262007,17.1339148204774,17.7233809738337,19.0047540142375,20.7857238419755,18.1957326438775,19.2124037629319,18.1894385121996,18.3213688365091,18.8563373758258,18.8668502794623,17.588656083459,18.1583927312107,18.331682371665,18.7390553888989,19.1761220046929,20.6362635051232,19.4047237252931,19.058615408046,19.4708614052298,18.1941845329191,18.8023522754819,18.9287410033428,20.0863332217381,21.5240758384156,19.5066291326013,19.7096189873929,19.5991991469001,19.4853812264781,18.9910899826766,17.970684497732,19.6469137433703,10.768630961667,17.2262898806633,16.640273184204,19.607868478489,19.4020190132892,17.5392648520832,19.2527866835819,20.2270800222558,17.8541987807803,18.4129047145621,18.0761109840742,18.7294016781497,16.9678229045898,19.079385820153,19.3397630322462,19.3751688559547,19.0778823001719,17.5971723622901,19.5714786168006,19.2747807972429,19.3626330618785,19.764409986627,19.5774066988313,19.5133382217449,18.0620514094859,19.270548560745,17.387310568531,0,0,0,18.6007368753284,0,0,19.4516960882113,20.9695551557008,19.1171738204882,18.8435438692983,12.7919259635781,17.9545825649968,0,0.899594101572694,0.0519495617696847,0.241240414232972
